{
    "TransportData": [
    ],
    "NpcsTimers": [
    ],
    "FactionData": [
        {
            "Points": 1000,
            "Faction": 1
        }
    ],
    "BankData": [
    ],
    "ItemGiversList": [
    ],
    "QuestData": {
        "CompletedQuests": [
        ],
        "ActiveQuests": [
        ]
    },
    "PlayerCompanionId": 0,
    "DialogData": [
        {
            "Dialog": 4
        },
        {
            "Dialog": 5
        },
        {
            "Dialog": 7
        }
    ],
    "ItemGiverChained": [
    ],
    "MailData": [
    ],
    "PlayerName": "Mortexlol",
    "UUID": "640754ef-ba46-35a5-828c-bc93ec0641fe",
    "ScriptStoreddata": {
    }
}
