{"name":"tombstone:chest_treasure","entries":[{"entryName":"tombstone:crafting_ingredient_loot","weight":3,"quality":0,"type":"item","functions":[{"data":4.0,"function":"minecraft:set_data"},{"function":"tombstone:check_enabled"}],"name":"tombstone:crafting_ingredient"},{"entryName":"tombstone:scroll_buff_loot","weight":10,"quality":0,"type":"item","functions":[{"tag":"{enchant:1b}","function":"minecraft:set_nbt"},{"data":0.0,"function":"minecraft:set_data"},{"function":"tombstone:check_enabled"}],"name":"tombstone:scroll_buff"},{"entryName":"tombstone:scroll_buff_loot","weight":10,"quality":0,"type":"item","functions":[{"tag":"{enchant:1b}","function":"minecraft:set_nbt"},{"data":1.0,"function":"minecraft:set_data"},{"function":"tombstone:check_enabled"}],"name":"tombstone:scroll_buff"},{"entryName":"tombstone:scroll_buff_loot","weight":10,"quality":0,"type":"item","functions":[{"tag":"{enchant:1b}","function":"minecraft:set_nbt"},{"data":2.0,"function":"minecraft:set_data"},{"function":"tombstone:check_enabled"}],"name":"tombstone:scroll_buff"},{"entryName":"tombstone:scroll_buff_loot","weight":10,"quality":0,"type":"item","functions":[{"tag":"{enchant:1b}","function":"minecraft:set_nbt"},{"data":3.0,"function":"minecraft:set_data"},{"function":"tombstone:check_enabled"}],"name":"tombstone:scroll_buff"},{"entryName":"tombstone:scroll_buff_loot","weight":10,"quality":0,"type":"item","functions":[{"tag":"{enchant:1b}","function":"minecraft:set_nbt"},{"data":4.0,"function":"minecraft:set_data"},{"function":"tombstone:check_enabled"}],"name":"tombstone:scroll_buff"},{"entryName":"tombstone:scroll_buff_loot","weight":10,"quality":0,"type":"item","functions":[{"tag":"{enchant:1b}","function":"minecraft:set_nbt"},{"data":5.0,"function":"minecraft:set_data"},{"function":"tombstone:check_enabled"}],"name":"tombstone:scroll_buff"},{"entryName":"tombstone:scroll_buff_loot","weight":10,"quality":0,"type":"item","functions":[{"tag":"{enchant:1b}","function":"minecraft:set_nbt"},{"data":6.0,"function":"minecraft:set_data"},{"function":"tombstone:check_enabled"}],"name":"tombstone:scroll_buff"},{"entryName":"tombstone:scroll_buff_loot","weight":10,"quality":0,"type":"item","functions":[{"tag":"{enchant:1b}","function":"minecraft:set_nbt"},{"data":7.0,"function":"minecraft:set_data"},{"function":"tombstone:check_enabled"}],"name":"tombstone:scroll_buff"},{"entryName":"tombstone:scroll_buff_loot","weight":10,"quality":0,"type":"item","functions":[{"tag":"{enchant:1b}","function":"minecraft:set_nbt"},{"data":8.0,"function":"minecraft:set_data"},{"function":"tombstone:check_enabled"}],"name":"tombstone:scroll_buff"},{"entryName":"tombstone:scroll_buff_loot","weight":10,"quality":0,"type":"item","functions":[{"tag":"{enchant:1b}","function":"minecraft:set_nbt"},{"data":9.0,"function":"minecraft:set_data"},{"function":"tombstone:check_enabled"}],"name":"tombstone:scroll_buff"},{"entryName":"tombstone:scroll_of_knowledge_loot","weight":20,"quality":0,"type":"item","functions":[{"function":"tombstone:delayed_nbt_loot"}],"name":"tombstone:scroll_of_knowledge"},{"entryName":"tombstone:tablet_of_cupidity_loot","weight":10,"quality":0,"type":"item","functions":[{"tag":"{enchant:1b}","function":"minecraft:set_nbt"},{"function":"tombstone:check_enabled"}],"name":"tombstone:tablet_of_cupidity"},{"entryName":"tombstone:tablet_of_home_loot","weight":10,"quality":0,"type":"item","functions":[{"tag":"{enchant:1b}","function":"minecraft:set_nbt"},{"function":"tombstone:check_enabled"}],"name":"tombstone:tablet_of_home"},{"entryName":"tombstone:tablet_of_assistance_loot","weight":10,"quality":0,"type":"item","functions":[{"tag":"{enchant:1b}","function":"minecraft:set_nbt"},{"function":"tombstone:check_enabled"}],"name":"tombstone:tablet_of_assistance"},{"entryName":"tombstone:tablet_of_recall_loot","weight":10,"quality":0,"type":"item","functions":[{"tag":"{enchant:1b}","function":"minecraft:set_nbt"},{"function":"tombstone:check_enabled"}],"name":"tombstone:tablet_of_recall"},{"entryName":"tombstone:tablet_of_guard_loot","weight":10,"quality":0,"type":"item","functions":[{"tag":"{enchant:1b}","function":"minecraft:set_nbt"},{"function":"tombstone:check_enabled"}],"name":"tombstone:tablet_of_guard"},{"entryName":"tombstone:magic_scroll_loot","weight":50,"quality":0,"type":"item","functions":[{"function":"tombstone:delayed_nbt_loot"}],"name":"tombstone:magic_scroll"},{"entryName":"tombstone:gemstone_of_familiar_loot","weight":10,"quality":0,"type":"item","functions":[{"function":"tombstone:check_enabled"}],"name":"tombstone:gemstone_of_familiar"},{"entryName":"tombstone:voodoo_poppet_loot","weight":10,"quality":0,"type":"item","functions":[{"function":"tombstone:delayed_nbt_loot"}],"name":"tombstone:voodoo_poppet"},{"entryName":"tombstone:receptacle_of_familiar_loot","weight":10,"quality":0,"type":"item","functions":[{"function":"tombstone:delayed_nbt_loot"}],"name":"tombstone:receptacle_of_familiar"},{"entryName":"tombstone:empty","weight":747,"quality":0,"type":"empty"}],"rolls":1.0}