{"stat.walkOneCm":53736,"stat.pickup.minecraft.stick":4,"stat.leaveGame":3,"stat.pickup.minecraft.crafting_table":2,"stat.craftItem.minecraft.crafting_table":2,"stat.mineBlock.minecraft.coal_ore":15,"stat.pickup.minecraft.log":24,"stat.jump":287,"stat.swimOneCm":1570,"stat.pickup.minecraft.coal":13,"stat.fallOneCm":7695,"stat.useItem.minecraft.stone_axe":27,"stat.pickup.minecraft.porkchop":3,"stat.pickup.minecraft.gunpowder":1,"stat.pickup.minecraft.chicken":2,"stat.crouchOneCm":605,"stat.craftItem.minecraft.torch":2,"stat.pickup.minecraft.sapling":2,"stat.sprintOneCm":47346,"stat.useItem.minecraft.stone_slab2":1,"stat.craftItem.minecraft.stick":8,"stat.craftingTableInteraction":7,"stat.pickup.minecraft.iron_ore":3,"stat.craftItem.minecraft.planks":16,"stat.killEntity.Chicken":2,"stat.craftItem.minecraft.stone_axe":1,"stat.pickup.minecraft.wooden_pickaxe":1,"stat.damageTaken":1282,"stat.pickup.minecraft.feather":1,"stat.mineBlock.minecraft.crafting_table":1,"stat.craftItem.minecraft.stone_pickaxe":1,"stat.useItem.minecraft.wooden_pickaxe":2,"stat.mobKills":4,"stat.pickup.minecraft.cobblestone":7,"stat.mineBlock.minecraft.log":24,"stat.pickup.chococraft.gysahl_green_seeds":35,"stat.flyOneCm":51042,"stat.deaths":2,"stat.pickup.minecraft.wheat_seeds":11,"stat.mineBlock.minecraft.leaves":2,"stat.playOneMinute":16314,"stat.killEntity.elementalcreepers:LightningCreeper":1,"stat.useItem.minecraft.stone_pickaxe":23,"stat.sneakTime":185,"stat.damageDealt":578,"stat.mineBlock.minecraft.iron_ore":3,"stat.pickup.zawa.care_guide":1,"stat.timeSinceDeath":395,"stat.pickup.chococraft.gysahl_green":18,"stat.killEntity.Pig":1,"stat.craftItem.minecraft.wooden_pickaxe":1,"stat.mineBlock.minecraft.stone":6,"stat.mineBlock.minecraft.tallgrass":13,"stat.diveOneCm":155}