{"stat.leaveGame":12,"stat.craftItem.minecraft.wool":3,"stat.useItem.minecraft.mutton":1,"stat.swimOneCm":1017,"stat.pickup.zawa.worm":1,"stat.mineBlock.minecraft.web":13,"stat.pickup.minecraft.porkchop":15,"stat.useItem.minecraft.dirt":103,"stat.useItem.chococraft.gysahl_green":22,"stat.useItem.minecraft.stone_slab2":15,"stat.pickup.customnpcs.npcwand":2,"stat.drop.minecraft.iron_sword":1,"stat.pickup.minecraft.rotten_flesh":6,"stat.craftItem.minecraft.furnace":1,"stat.craftItem.minecraft.stone_axe":1,"stat.craftItem.minecraft.stone_pickaxe":1,"stat.pickup.minecraft.cobblestone":117,"stat.craftItem.minecraft.stone_sword":1,"stat.flyOneCm":735459,"stat.drop.minecraft.wheat_seeds":22,"stat.timeSinceDeath":486,"stat.craftItem.spartanshields.shield_basic_wood":1,"stat.useItem.minecraft.sign":3,"stat.useItem.minecraft.spawn_egg":12,"stat.craftItem.minecraft.wooden_pickaxe":1,"stat.pickup.minecraft.mutton":3,"stat.craftItem.minecraft.bed":1,"stat.furnaceInteraction":10,"stat.useItem.minecraft.cooked_porkchop":4,"stat.mineBlock.minecraft.coal_ore":3,"stat.killEntity.Creeper":2,"stat.talkedToVillager":22,"stat.pickup.minecraft.string":13,"stat.pickup.minecraft.furnace":1,"stat.craftItem.minecraft.stone_slab2":0,"stat.pickup.zawa.reptile_meat_raw":2,"stat.sprintOneCm":196309,"stat.craftItem.minecraft.stick":20,"stat.mineBlock.minecraft.crafting_table":3,"stat.useItem.minecraft.carrot":5,"stat.pickup.chococraft.gysahl_green_seeds":102,"stat.deaths":6,"stat.drop":26,"stat.playOneMinute":171796,"stat.craftItem.spartanshields.shield_basic_stone":1,"stat.killEntity.Sheep":2,"stat.killEntity.Zombie":3,"stat.pickup.zawa.care_guide":4,"stat.mineBlock.minecraft.tallgrass":168,"stat.chestOpened":1,"stat.craftItem.minecraft.sign":3,"stat.pickup.minecraft.sign":1,"stat.pickup.minecraft.iron_sword":1,"stat.craftItem.minecraft.cooked_porkchop":4,"stat.useItem.minecraft.porkchop":2,"stat.jump":1255,"stat.pickup.minecraft.coal":7,"stat.fallOneCm":35413,"stat.drop.minecraft.stone":1,"stat.pickup.minecraft.carrot":33,"stat.useItem.minecraft.stone_axe":43,"stat.pickup.minecraft.gunpowder":2,"stat.crouchOneCm":7911,"stat.craftItem.minecraft.torch":12,"stat.pickup.minecraft.dirt":31,"stat.useItem.minecraft.cooked_chicken":2,"stat.craftingTableInteraction":20,"stat.damageTaken":4180,"stat.mineBlock.minecraft.furnace":1,"stat.useItem.minecraft.wooden_pickaxe":12,"stat.useItem.customnpcs.npcwand":2,"stat.pickup.minecraft.bed":2,"tombstone:undead_killed":3,"stat.pickup.minecraft.wheat_seeds":24,"stat.useItem.minecraft.stone_pickaxe":112,"stat.useItem.minecraft.stone_sword":48,"stat.damageDealt":2166,"stat.sleepInBed":4,"stat.pickup.chococraft.gysahl_green":27,"stat.mineBlock.minecraft.dirt":16,"stat.killEntity.Pig":6,"stat.useItem.customnpcs.npcmobcloner":1,"stat.walkOneCm":168922,"stat.useItem.minecraft.torch":9,"stat.drop.minecraft.porkchop":2,"stat.useItem.zawa.reptile_meat_raw":2,"stat.pickup.minecraft.crafting_table":4,"stat.useItem.minecraft.cobblestone":7,"stat.craftItem.minecraft.crafting_table":1,"stat.mineBlock.minecraft.double_plant":6,"stat.pickup.minecraft.log":14,"stat.useItem.tombstone.gift":1,"stat.pickup.minecraft.stone":1,"stat.pickup.minecraft.chicken":3,"stat.mineBlock.minecraft.wool":1,"stat.pickup.minecraft.sapling":2,"stat.craftItem.minecraft.planks":56,"stat.useItem.minecraft.iron_sword":37,"stat.mobKills":16,"stat.pickup.minecraft.book":21,"stat.mineBlock.minecraft.log":14,"stat.mineBlock.minecraft.bookshelf":7,"stat.craftItem.minecraft.wooden_door":3,"stat.craftItem.minecraft.cooked_chicken":2,"stat.useItem.minecraft.wooden_door":1,"stat.mineBlock.minecraft.leaves":3,"stat.pickup.minecraft.torch":4,"stat.sneakTime":2716,"stat.pickup.minecraft.wool":4,"stat.mineBlock.minecraft.stone":118}