{"stat.killEntity.elementalcreepers:FireCreeper":1,"stat.leaveGame":5,"stat.useItem.minecraft.porkchop":3,"stat.jump":665,"stat.swimOneCm":2094,"stat.pickup.minecraft.coal":11,"stat.useItem.minecraft.planks":3,"stat.fallOneCm":16692,"stat.climbOneCm":758,"stat.mineBlock.minecraft.web":2,"stat.useItem.minecraft.stone_axe":7,"stat.pickup.minecraft.porkchop":3,"stat.crouchOneCm":3633,"stat.craftItem.minecraft.torch":8,"stat.craftItem.minecraft.iron_ingot":4,"stat.useItem.minecraft.cookie":5,"stat.pickup.minecraft.dirt":2,"stat.useItem.chococraft.gysahl_green":11,"stat.useItem.minecraft.stone_slab2":6,"stat.useItem.minecraft.water_bucket":2,"stat.craftingTableInteraction":7,"stat.pickup.minecraft.iron_ore":12,"stat.craftItem.minecraft.furnace":1,"stat.pickup.minecraft.cookie":5,"stat.craftItem.minecraft.stone_axe":1,"stat.damageTaken":9205,"stat.craftItem.minecraft.stone_pickaxe":1,"stat.mineBlock.minecraft.furnace":1,"stat.useItem.minecraft.wooden_pickaxe":4,"stat.pickup.minecraft.cobblestone":22,"stat.pickup.minecraft.planks":3,"stat.useItem.minecraft.stone_shovel":4,"stat.craftItem.minecraft.stone_sword":1,"stat.flyOneCm":132280,"stat.mineBlock.minecraft.snow_layer":3,"stat.pickup.minecraft.wheat_seeds":18,"stat.drop.minecraft.wheat_seeds":1,"stat.useItem.minecraft.stone_pickaxe":42,"stat.useItem.minecraft.stone_sword":10,"stat.damageDealt":600,"stat.mineBlock.minecraft.iron_ore":8,"stat.timeSinceDeath":13514,"stat.craftItem.spartanshields.shield_basic_wood":1,"stat.pickup.chococraft.gysahl_green":25,"stat.mineBlock.minecraft.dirt":2,"stat.craftItem.minecraft.wooden_pickaxe":1,"stat.killEntity.Pig":1,"stat.craftItem.minecraft.stone_shovel":1,"stat.walkOneCm":72337,"stat.useItem.minecraft.torch":4,"stat.mineBlock.minecraft.vine":1,"stat.pickup.minecraft.crafting_table":3,"stat.pickup.minecraft.stonebrick":7,"stat.craftItem.minecraft.crafting_table":1,"stat.furnaceInteraction":3,"stat.mineBlock.minecraft.double_plant":6,"stat.mineBlock.minecraft.coal_ore":7,"stat.pickup.minecraft.log":10,"stat.pickup.minecraft.string":2,"stat.useItem.tombstone.gift":1,"stat.pickup.minecraft.furnace":1,"stat.pickup.tombstone.crafting_ingredient":1,"stat.craftItem.minecraft.stone_slab2":0,"stat.sprintOneCm":103046,"stat.craftItem.minecraft.stick":20,"stat.craftItem.minecraft.bucket":1,"stat.mineBlock.minecraft.stonebrick":5,"stat.craftItem.minecraft.planks":28,"stat.useItem.minecraft.snowball":6,"stat.mineBlock.minecraft.crafting_table":3,"stat.mobKills":2,"stat.mineBlock.minecraft.log":10,"stat.pickup.chococraft.gysahl_green_seeds":47,"stat.deaths":9,"stat.drop":1,"stat.playOneMinute":31838,"stat.craftItem.spartanshields.shield_basic_stone":1,"stat.sneakTime":1121,"stat.pickup.zawa.care_guide":3,"stat.pickup.minecraft.snowball":6,"stat.mineBlock.minecraft.stone":24,"stat.mineBlock.minecraft.tallgrass":50}